{
    "host": "[::]",
    "port": 5700,
    "use_http": false,
    "ws_host": "[::]",
    "ws_port": 6700,
    "use_ws": true,
    "ws_reverse_url": "",
    "ws_reverse_api_url": "ws://127.0.0.1:8086/ws/api/",
    "ws_reverse_event_url": "ws://127.0.0.1:8086/ws/event/",
    "ws_reverse_reconnect_interval": 3000,
    "ws_reverse_reconnect_on_code_1000": true,
    "use_ws_reverse": false,
    "post_url": "",
    "access_token": "",
    "secret": "",
    "post_message_format": "string",
    "serve_data_files": false,
    "update_source": "china",
    "update_channel": "stable",
    "auto_check_update": false,
    "auto_perform_update": false,
    "show_log_console": true,
    "log_level": "info"
}